[{
    "url": "/products/1",
    "views": 11,
    "duration": "00:00:53",
    "conversion": "25%"
}, {
    "url": "/products/2",
    "views": 13,
    "duration": "00:01:05",
    "conversion": "32%"
}, {
    "url": "/products/3",
    "views": 135,
    "duration": "00:01:17",
    "conversion": "21%"
}, {
    "url": "/products/4",
    "views": 153,
    "duration": "00:01:11",
    "conversion": "25%"
}, {
    "url": "/products/5",
    "views": 54,
    "duration": "00:02:03",
    "conversion": "20%"
}, {
    "url": "/products/6",
    "views": 35,
    "duration": "00:01:27",
    "conversion": "18%"
}, {
    "url": "/products/7",
    "views": 2,
    "duration": "00:01:10",
    "conversion": "7%"
}, {
    "url": "/products/8",
    "views": 98,
    "duration": "00:01:52",
    "conversion": "13%"
}, {
    "url": "/products/9",
    "views": 575,
    "duration": "00:00:51",
    "conversion": "22%"
}, {
    "url": "/products/10",
    "views": 52,
    "duration": "00:00:28",
    "conversion": "25%"
}, {
    "url": "/products/11",
    "views": 164,
    "duration": "00:02:44",
    "conversion": "26%"
}, {
    "url": "/products/12",
    "views": 372,
    "duration": "00:02:13",
    "conversion": "47%"
}, {
    "url": "/products/13",
    "views": 10,
    "duration": "00:00:34",
    "conversion": "5%"
}, {
    "url": "/products/14",
    "views": 9,
    "duration": "00:00:49",
    "conversion": "9%"
}, {
    "url": "/products/15",
    "views": 689,
    "duration": "00:00:27",
    "conversion": "0%"
}]