[{"flight_number":1,"launch_year":"2006","launch_date_unix":1143239400,"launch_date_utc":"2006-03-24T22:30:00Z","launch_date_local":"2006-03-25T10:30:00+12:00","rocket":{"rocket_id":"falcon1","rocket_name":"Falcon 1","rocket_type":"Merlin A"},"telemetry":{"flight_club":null},"core_serial":"Merlin 1A","cap_serial":null,"reuse":{"core":false,"side_core1":false,"side_core2":false,"fairings":false,"capsule":false},"launch_site":{"site_id":"kwajalein_atoll","site_name":"Kwajalein Atoll","site_name_long":"Kwajalein Atoll Omelek Island"},"payloads":[{"payload_id":"FalconSAT-2","customers":["DARPA"],"payload_type":"Satellite","payload_mass_kg":20,"payload_mass_lbs":43,"orbit":"LEO"}],"launch_success":false,"reused":false,"land_success":false,"landing_type":null,"landing_vehicle":null,"links":{"mission_patch":"http://spacexpatchlist.space/images/thumbs/falcon_1_flight_1.png","article_link":"https://www.space.com/2196-spacex-inaugural-falcon-1-rocket-lost-launch.html","video_link":"https://www.youtube.com/watch?v=0a_00nJ_Y88"},"details":"Engine failure at 33 seconds and loss of vehicle"},{"flight_number":2,"launch_year":"2007","launch_date_unix":1174439400,"launch_date_utc":"2007-03-21T01:10:00Z","launch_date_local":"2007-03-21T13:10:00+12:00","rocket":{"rocket_id":"falcon1","rocket_name":"Falcon 1","rocket_type":"Merlin A"},"telemetry":{"flight_club":null},"core_serial":"Merlin 1A","cap_serial":null,"reuse":{"core":false,"side_core1":false,"side_core2":false,"fairings":false,"capsule":false},"launch_site":{"site_id":"kwajalein_atoll","site_name":"Kwajalein Atoll","site_name_long":"Kwajalein Atoll Omelek Island"},"payloads":[{"payload_id":"DemoSAT","customers":["DARPA"],"payload_type":"Satellite","payload_mass_kg":0,"payload_mass_lbs":0,"orbit":"LEO"}],"launch_success":false,"reused":false,"land_success":false,"landing_type":null,"landing_vehicle":null,"links":{"mission_patch":"http://spacexpatchlist.space/images/thumbs/falcon_1_flight_2.png","article_link":"https://www.space.com/3590-spacex-falcon-1-rocket-fails-reach-orbit.html","video_link":"https://www.youtube.com/watch?v=YMvQsmLv44o"},"details":"Successful first stage burn and transition to second stage, maximum altitude 289 km, Premature engine shutdown at T+7 min 30 s, Failed to reach orbit, Failed to recover first stage"},{"flight_number":3,"launch_year":"2008","launch_date_unix":1217648040,"launch_date_utc":"2008-08-02T03:34:00Z","launch_date_local":"2008-08-02T15:34:00+12:00","rocket":{"rocket_id":"falcon1","rocket_name":"Falcon 1","rocket_type":"Merlin C"},"telemetry":{"flight_club":null},"core_serial":"Merlin 1C","cap_serial":null,"reuse":{"core":false,"side_core1":false,"side_core2":false,"fairings":false,"capsule":false},"launch_site":{"site_id":"kwajalein_atoll","site_name":"Kwajalein Atoll","site_name_long":"Kwajalein Atoll Omelek Island"},"payloads":[{"payload_id":"Trailblazer","customers":["NASA"],"payload_type":"Satellite","payload_mass_kg":0,"payload_mass_lbs":0,"orbit":"LEO"},{"payload_id":"PRESat","customers":["ORS"],"payload_type":"Satellite","payload_mass_kg":0,"payload_mass_lbs":0,"orbit":"LEO"}],"launch_success":false,"reused":false,"land_success":false,"landing_type":null,"landing_vehicle":null,"links":{"mission_patch":"http://spacexpatchlist.space/images/thumbs/falcon_1_flight_3.png","article_link":"http://www.spacex.com/news/2013/02/11/falcon-1-flight-3-mission-summary","video_link":"https://www.youtube.com/watch?v=Qz0yJ8N3cA0"},"details":"Residual stage 1 thrust led to collision between stage 1 and stage 2"},{"flight_number":4,"launch_year":"2008","launch_date_unix":1222643700,"launch_date_utc":"2008-09-28T23:15:00Z","launch_date_local":"2008-09-28T11:15:00+12:00","rocket":{"rocket_id":"falcon1","rocket_name":"Falcon 1","rocket_type":"Merlin C"},"telemetry":{"flight_club":null},"core_serial":"Merlin 1C","cap_serial":null,"reuse":{"core":false,"side_core1":false,"side_core2":false,"fairings":false,"capsule":false},"launch_site":{"site_id":"kwajalein_atoll","site_name":"Kwajalein Atoll","site_name_long":"Kwajalein Atoll Omelek Island"},"payloads":[{"payload_id":"RatSat","customers":["SpaceX"],"payload_type":"Satellite","payload_mass_kg":165,"payload_mass_lbs":363,"orbit":"LEO"}],"launch_success":true,"reused":false,"land_success":false,"landing_type":null,"landing_vehicle":null,"links":{"mission_patch":"http://spacexpatchlist.space/images/thumbs/falcon_1_flight_4.png","article_link":"https://en.wikipedia.org/wiki/Ratsat","video_link":"https://www.youtube.com/watch?v=dLQ2tZEH6G0"},"details":"Ratsat was carried to orbit on the first successful orbital launch of any privately funded and developed, liquid-propelled carrier rocket, the SpaceX Falcon 1"},{"flight_number":5,"launch_year":"2009","launch_date_unix":1247456100,"launch_date_utc":"2009-07-13T03:35:00Z","launch_date_local":"2009-07-13T15:35:00+12:00","rocket":{"rocket_id":"falcon1","rocket_name":"Falcon 1","rocket_type":"Merlin C"},"telemetry":{"flight_club":null},"core_serial":"Merlin 1C","cap_serial":null,"reuse":{"core":false,"side_core1":false,"side_core2":false,"fairings":false,"capsule":false},"launch_site":{"site_id":"kwajalein_atoll","site_name":"Kwajalein Atoll","site_name_long":"Kwajalein Atoll Omelek Island"},"payloads":[{"payload_id":"RazakSAT","customers":["ATSB"],"payload_type":"Satellite","payload_mass_kg":200,"payload_mass_lbs":440,"orbit":"LEO"}],"launch_success":true,"reused":false,"land_success":false,"landing_type":null,"landing_vehicle":null,"links":{"mission_patch":"http://spacexpatchlist.space/images/thumbs/falcon_1_flight_5.png","presskit":"http://www.spacex.com/press/2012/12/19/spacexs-falcon-1-successfully-delivers-razaksat-satellite-orbit","article_link":"http://www.spacex.com/news/2013/02/12/falcon-1-flight-5","video_link":"https://www.youtube.com/watch?v=WTFlFFrfEB0"},"details":null},{"flight_number":6,"launch_year":"2010","launch_date_unix":1275677100,"launch_date_utc":"2010-06-04T18:45:00Z","launch_date_local":"2010-06-04T14:45:00-04:00","rocket":{"rocket_id":"falcon9","rocket_name":"Falcon 9","rocket_type":"v1.0"},"telemetry":{"flight_club":null},"core_serial":"B0003","cap_serial":null,"reuse":{"core":false,"side_core1":false,"side_core2":false,"fairings":false,"capsule":false},"launch_site":{"site_id":"ccafs_slc_40","site_name":"CCAFS SLC 40","site_name_long":"Cape Canaveral Air Force Station Space Launch Complex 40"},"payloads":[{"payload_id":"Dragon Qualification Unit","customers":["SpaceX"],"payload_type":"Dragon Boilerplate","payload_mass_kg":0,"payload_mass_lbs":0,"orbit":"LEO"}],"launch_success":true,"reused":false,"land_success":false,"landing_type":null,"landing_vehicle":null,"links":{"mission_patch":"http://i.imgur.com/RJjhalG.png","presskit":"http://forum.nasaspaceflight.com/index.php?action=dlattach;topic=21869.0;attach=230821","article_link":"http://www.spacex.com/news/2013/02/12/falcon-9-flight-1","video_link":"https://www.youtube.com/watch?v=nxSxgBKlYws"},"details":null},{"flight_number":7,"launch_year":"2010","launch_date_unix":1291822980,"launch_date_utc":"2010-12-08T15:43:00Z","launch_date_local":"2010-12-08T11:43:00-04:00","rocket":{"rocket_id":"falcon9","rocket_name":"Falcon 9","rocket_type":"v1.0"},"telemetry":{"flight_club":null},"core_serial":"B0004","cap_serial":"C101","reuse":{"core":false,"side_core1":false,"side_core2":false,"fairings":false,"capsule":false},"launch_site":{"site_id":"ccafs_slc_40","site_name":"CCAFS SLC 40","site_name_long":"Cape Canaveral Air Force Station Space Launch Complex 40"},"payloads":[{"payload_id":"COTS Demo Flight 1","customers":["NASA(COTS)"],"payload_type":"Dragon 1.0","payload_mass_kg":0,"payload_mass_lbs":0,"orbit":"LEO"},{"payload_id":"Cubesats","customers":["NRO"],"payload_type":"Satellite","payload_mass_kg":0,"payload_mass_lbs":0,"orbit":"LEO"}],"launch_success":true,"reused":false,"land_success":false,"landing_type":null,"landing_vehicle":null,"links":{"mission_patch":"http://i.imgur.com/4OdzPRh.png","presskit":"http://www.spacex.com/files/downloads/cots1-20101206.pdf","article_link":"https://en.wikipedia.org/wiki/SpaceX_COTS_Demo_Flight_1","video_link":"https://www.youtube.com/watch?v=Q-ci9xIgNZM"},"details":null},{"flight_number":8,"launch_year":"2012","launch_date_unix":1335944640,"launch_date_utc":"2012-05-02T07:44:00Z","launch_date_local":"2012-05-02T03:44:00-04:00","rocket":{"rocket_id":"falcon9","rocket_name":"Falcon 9","rocket_type":"v1.0"},"telemetry":{"flight_club":null},"core_serial":"B0005","cap_serial":"C102","reuse":{"core":false,"side_core1":false,"side_core2":false,"fairings":false,"capsule":false},"launch_site":{"site_id":"ccafs_slc_40","site_name":"CCAFS SLC 40","site_name_long":"Cape Canaveral Air Force Station Space Launch Complex 40"},"payloads":[{"payload_id":"COTS Demo Flight 2","customers":["NASA(COTS)"],"payload_type":"Dragon 1.0","payload_mass_kg":525,"payload_mass_lbs":1157,"orbit":"LEO"}],"launch_success":true,"reused":false,"land_success":false,"landing_type":null,"landing_vehicle":null,"links":{"mission_patch":"http://i.imgur.com/Q91TcIj.png","presskit":"https://www.nasa.gov/pdf/649910main_cots2_presskit_051412.pdf","article_link":"https://en.wikipedia.org/wiki/Dragon_C2%2B","video_link":"https://www.youtube.com/watch?v=tpQzDbAY7yI"},"details":"Launch was scrubbed on first attempt, second launch attempt was successful"},{"flight_number":9,"launch_year":"2012","launch_date_unix":1349656500,"launch_date_utc":"2012-10-08T00:35:00Z","launch_date_local":"2012-10-08T20:35:00-04:00","rocket":{"rocket_id":"falcon9","rocket_name":"Falcon 9","rocket_type":"v1.0"},"telemetry":{"flight_club":null},"core_serial":"B0006","cap_serial":"C103","reuse":{"core":false,"side_core1":false,"side_core2":false,"fairings":false,"capsule":false},"launch_site":{"site_id":"ccafs_slc_40","site_name":"CCAFS SLC 40","site_name_long":"Cape Canaveral Air Force Station Space Launch Complex 40"},"payloads":[{"payload_id":"SpaceX CRS-1","customers":["NASA (CRS)"],"payload_type":"Dragon 1.0","payload_mass_kg":400,"payload_mass_lbs":881,"orbit":"ISS","mass_returned_kg":905,"mass_returned_lbs":1995,"flight_time_sec":1728000,"cargo_manifest":"https://en.wikipedia.org/wiki/SpaceX_CRS-1#Payload"},{"payload_id":"Orbcomm-OG2","customers":["Orbcomm"],"payload_type":"Dragon 1.0","payload_mass_kg":400,"payload_mass_lbs":881,"orbit":"LEO"}],"launch_success":true,"reused":false,"land_success":false,"landing_type":null,"landing_vehicle":null,"links":{"mission_patch":"http://i.imgur.com/6MHSvNg.png","presskit":"https://www.nasa.gov/pdf/694166main_SpaceXCRS-1PressKit.pdf","article_link":"https://en.wikipedia.org/wiki/SpaceX_CRS-1","video_link":"https://www.youtube.com/watch?v=-Vk3hiV_zXU"},"details":"CRS-1 successful, but the secondary payload was inserted into abnormally low orbit and lost due to Falcon 9 boost stage engine failure, ISS visiting vehicle safety rules, and the primary payload owner's contractual right to decline a second ignition of the second stage under some conditions."},{"flight_number":10,"launch_year":"2013","launch_date_unix":1362165000,"launch_date_utc":"2013-03-01T19:10:00Z","launch_date_local":"2013-03-01T15:10:00-04:00","rocket":{"rocket_id":"falcon9","rocket_name":"Falcon 9","rocket_type":"v1.0"},"telemetry":{"flight_club":null},"core_serial":"B0007","cap_serial":"C104","reuse":{"core":false,"side_core1":false,"side_core2":false,"fairings":false,"capsule":false},"launch_site":{"site_id":"ccafs_slc_40","site_name":"CCAFS SLC 40","site_name_long":"Cape Canaveral Air Force Station Space Launch Complex 40"},"payloads":[{"payload_id":"SpaceX CRS-2","customers":["NASA (CRS)"],"payload_type":"Dragon 1.0","payload_mass_kg":677,"payload_mass_lbs":1492,"orbit":"ISS","mass_returned_kg":1370,"mass_returned_lbs":3020,"flight_time_sec":2160000,"cargo_manifest":"https://en.wikipedia.org/wiki/SpaceX_CRS-2#Payload"}],"launch_success":true,"reused":false,"land_success":false,"landing_type":null,"landing_vehicle":null,"links":{"mission_patch":"http://i.imgur.com/XDAA73Y.png","reddit_campaign":null,"reddit_launch":"https://www.reddit.com/r/space/comments/19gm5f/live_coverage_spacex_crs2_launch_to_the_iss/c8nvah4","reddit_recovery":null,"reddit_media":null,"presskit":"https://www.nasa.gov/sites/default/files/files/Orb2_PRESS_KIT.pdf","article_link":"https://en.wikipedia.org/wiki/SpaceX_CRS-2","video_link":"https://www.youtube.com/watch?v=BqCELhkXtsY"},"details":"Last launch of the original Falcon 9 v1.0 launch vehicle"},{"flight_number":11,"launch_year":"2013","launch_date_unix":1380470400,"launch_date_utc":"2013-09-29T16:00:00Z","launch_date_local":"2013-09-29T09:00:00-07:00","rocket":{"rocket_id":"falcon9","rocket_name":"Falcon 9","rocket_type":"v1.1"},"telemetry":{"flight_club":null},"core_serial":"B1003","cap_serial":null,"reuse":{"core":false,"side_core1":false,"side_core2":false,"fairings":false,"capsule":false},"launch_site":{"site_id":"vafb_slc_4e","site_name":"VAFB SLC 4E","site_name_long":"Vandenberg Air Force Base Space Launch Complex 4E"},"payloads":[{"payload_id":"CASSIOPE","customers":["MDA"],"payload_type":"Satellite","payload_mass_kg":500,"payload_mass_lbs":1100,"orbit":"Polar"}],"launch_success":true,"reused":false,"land_success":false,"landing_type":"Ocean","landing_vehicle":null,"links":{"mission_patch":"http://i.imgur.com/AgTuU4l.png","reddit_campaign":null,"reddit_launch":"http://www.reddit.com/r/spacex/comments/1ndlay","reddit_recovery":null,"reddit_media":null,"presskit":"https://spaceflightnow.com/falcon9/006/UpgradedF9DemoMission_PressKit.pdf","article_link":"https://en.wikipedia.org/wiki/CASSIOPE","video_link":"https://www.youtube.com/watch?v=uFefasS6bhc"},"details":"Commercial mission and first Falcon 9 v1.1 flight, with improved 13-tonne to LEO capacity. Following second-stage separation from the first stage, an attempt was made to perform an ocean touchdown test of the discarded booster vehicle. The test provided good test data on the experiment-its primary objective-but as the booster neared the ocean, aerodynamic forces caused an uncontrollable roll. The center engine, depleted of fuel by centrifugal force, shut down resulting in the impact and destruction of the vehicle."},{"flight_number":12,"launch_year":"2013","launch_date_unix":1386110460,"launch_date_utc":"2013-12-03T22:41:00Z","launch_date_local":"2013-12-03T18:41:00-04:00","rocket":{"rocket_id":"falcon9","rocket_name":"Falcon 9","rocket_type":"v1.1"},"telemetry":{"flight_club":null},"core_serial":"B1004","cap_serial":null,"reuse":{"core":false,"side_core1":false,"side_core2":false,"fairings":false,"capsule":false},"launch_site":{"site_id":"ccafs_slc_40","site_name":"CCAFS SLC 40","site_name_long":"Cape Canaveral Air Force Station Space Launch Complex 40"},"payloads":[{"payload_id":"SES-8","customers":["SES"],"payload_type":"Satellite","payload_mass_kg":3170,"payload_mass_lbs":6990,"orbit":"GTO"}],"launch_success":true,"reused":false,"land_success":false,"landing_type":null,"landing_vehicle":null,"links":{"mission_patch":"http://i.imgur.com/4Xn8T5g.png","reddit_campaign":null,"reddit_launch":"http://www.reddit.com/r/spacex/comments/1ryy1n","reddit_recovery":null,"reddit_media":null,"presskit":"http://www.spacex.com/sites/spacex/files/spacex_ses-8launch_presskit.pdf","article_link":"https://en.wikipedia.org/wiki/SES-8","video_link":"https://www.youtube.com/watch?v=aAj5xapImEs"},"details":"First GTO launch for Falcon 9"},{"flight_number":13,"launch_year":"2014","launch_date_unix":1389031560,"launch_date_utc":"2014-01-06T18:06:00Z","launch_date_local":"2014-01-06T14:06:00-04:00","rocket":{"rocket_id":"falcon9","rocket_name":"Falcon 9","rocket_type":"v1.1"},"telemetry":{"flight_club":null},"core_serial":"B1005","cap_serial":null,"reuse":{"core":false,"side_core1":false,"side_core2":false,"fairings":false,"capsule":false},"launch_site":{"site_id":"ccafs_slc_40","site_name":"CCAFS SLC 40","site_name_long":"Cape Canaveral Air Force Station Space Launch Complex 40"},"payloads":[{"payload_id":"Thaicom 6","customers":["Thaicom"],"payload_type":"Satellite","payload_mass_kg":3325,"payload_mass_lbs":7330,"orbit":"GTO"}],"launch_success":true,"reused":false,"land_success":false,"landing_type":null,"landing_vehicle":null,"links":{"mission_patch":"http://i.imgur.com/4OthEEp.png","reddit_campaign":null,"reddit_launch":"http://www.reddit.com/r/spacex/comments/1ujoc0","reddit_recovery":null,"reddit_media":null,"presskit":"http://www.spacex.com/sites/spacex/files/spacex_thaicom6_presskit.pdf","article_link":"https://en.wikipedia.org/wiki/Thaicom_6","video_link":"https://www.youtube.com/watch?v=DjpUf__4vPA"},"details":"Second GTO launch for Falcon 9. The USAF evaluated launch data from this flight as part of a separate certification program for SpaceX to qualify to fly U.S. military payloads and found that the Thaicom 6 launch had \"unacceptable fuel reserves at engine cutoff of the stage 2 second burnoff\""},{"flight_number":14,"launch_year":"2014","launch_date_unix":1397849100,"launch_date_utc":"2014-04-18T19:25:00Z","launch_date_local":"2014-04-18T15:25:00-04:00","rocket":{"rocket_id":"falcon9","rocket_name":"Falcon 9","rocket_type":"v1.1"},"telemetry":{"flight_club":null},"core_serial":"B1006","cap_serial":"C105","reuse":{"core":false,"side_core1":false,"side_core2":false,"fairings":false,"capsule":false},"launch_site":{"site_id":"ccafs_slc_40","site_name":"CCAFS SLC 40","site_name_long":"Cape Canaveral Air Force Station Space Launch Complex 40"},"payloads":[{"payload_id":"SpaceX CRS-3","customers":["NASA (CRS)"],"payload_type":"Dragon 1.1","payload_mass_kg":2296,"payload_mass_lbs":5062,"orbit":"ISS","mass_returned_kg":1600,"mass_returned_lbs":3500,"flight_time_sec":2592000,"cargo_manifest":"https://en.wikipedia.org/wiki/SpaceX_CRS-3#Primary_payload_and_downmass"}],"launch_success":true,"reused":false,"land_success":true,"landing_type":"Ocean","landing_vehicle":null,"links":{"mission_patch":"http://i.imgur.com/ussqijG.png","reddit_campaign":null,"reddit_launch":"http://www.reddit.com/r/spacex/comments/22zo8c","reddit_recovery":null,"reddit_media":null,"presskit":"http://www.spacex.com/sites/spacex/files/spacexcrs-3_presskit_042014.pdf","article_link":"https://en.wikipedia.org/wiki/SpaceX_CRS-3","video_link":"https://www.youtube.com/watch?v=65zDaDSvIww"},"details":"Following second-stage separation, SpaceX conducted a second controlled-descent test of the discarded booster vehicle and achieved the first successful controlled ocean touchdown of a liquid-rocket-engine orbital booster. Following touchdown the first stage tipped over as expected and was destroyed. This was the first Falcon 9 booster to fly with extensible landing legs and the first Dragon mission with the Falcon 9 v1.1 launch vehicle."},{"flight_number":15,"launch_year":"2014","launch_date_unix":1405350900,"launch_date_utc":"2014-07-14T15:15:00Z","launch_date_local":"2014-07-14T11:15:00-04:00","rocket":{"rocket_id":"falcon9","rocket_name":"Falcon 9","rocket_type":"v1.1"},"telemetry":{"flight_club":null},"core_serial":"B1007","cap_serial":null,"reuse":{"core":false,"side_core1":false,"side_core2":false,"fairings":false,"capsule":false},"launch_site":{"site_id":"ccafs_slc_40","site_name":"CCAFS SLC 40","site_name_long":"Cape Canaveral Air Force Station Space Launch Complex 40"},"payloads":[{"payload_id":"Orbcomm-OG2-M1","customers":["Orbcomm"],"payload_type":"Satellite","payload_mass_kg":1316,"payload_mass_lbs":2901,"orbit":"LEO"}],"launch_success":true,"reused":false,"land_success":true,"landing_type":"Ocean","landing_vehicle":null,"links":{"mission_patch":"http://i.imgur.com/GtRBKVZ.png","reddit_campaign":null,"reddit_launch":"http://www.reddit.com/r/spacex/comments/2aany2","reddit_recovery":null,"reddit_media":null,"presskit":"http://www.spacex.com/sites/spacex/files/spacex_orbcomm_presskit_final.pdf","article_link":"https://en.wikipedia.org/wiki/Falcon_9_flight_10","video_link":"https://www.youtube.com/watch?v=lbHnSu-DLR4"},"details":"Total payload mass was 1,316 kg (2,901 lb) : 6 satellites weighing 172 kg each, plus two 142-kg mass simulators. This was the second Falcon 9 booster equipped with landing legs. Following second-stage separation, SpaceX conducted a controlled-descent test of the first stage, which successfully decelerated from hypersonic velocity in the upper atmosphere, made reentry and landing burns, deployed its legs and touched down on the ocean surface. As with the previous mission, the first stage then tipped over as expected and was not recovered."},{"flight_number":16,"launch_year":"2014","launch_date_unix":1407225600,"launch_date_utc":"2014-08-05T08:00:00Z","launch_date_local":"2014-08-05T04:00:00-04:00","rocket":{"rocket_id":"falcon9","rocket_name":"Falcon 9","rocket_type":"v1.1"},"telemetry":{"flight_club":null},"core_serial":"B1008","cap_serial":null,"reuse":{"core":false,"side_core1":false,"side_core2":false,"fairings":false,"capsule":false},"launch_site":{"site_id":"ccafs_slc_40","site_name":"CCAFS SLC 40","site_name_long":"Cape Canaveral Air Force Station Space Launch Complex 40"},"payloads":[{"payload_id":"AsiaSat 8","customers":["AsiaSat"],"payload_type":"Satellite","payload_mass_kg":4535,"payload_mass_lbs":9998,"orbit":"LEO"}],"launch_success":true,"reused":false,"land_success":false,"landing_type":null,"landing_vehicle":null,"links":{"mission_patch":"http://i.imgur.com/9iWbtpr.png","reddit_campaign":null,"reddit_launch":"http://www.reddit.com/r/spacex/comments/2fenrv","reddit_recovery":null,"reddit_media":null,"presskit":"https://spaceflightnow.com/falcon9/011/presskit.pdf","article_link":"https://en.wikipedia.org/wiki/AsiaSat_8","video_link":"https://www.youtube.com/watch?v=essrkMGlw5s"},"details":null},{"flight_number":17,"launch_year":"2014","launch_date_unix":1410066000,"launch_date_utc":"2014-09-07T05:00:00Z","launch_date_local":"2014-09-07T01:00:00-04:00","rocket":{"rocket_id":"falcon9","rocket_name":"Falcon 9","rocket_type":"v1.1"},"telemetry":{"flight_club":null},"core_serial":"B1011","cap_serial":null,"reuse":{"core":false,"side_core1":false,"side_core2":false,"fairings":false,"capsule":false},"launch_site":{"site_id":"ccafs_slc_40","site_name":"CCAFS SLC 40","site_name_long":"Cape Canaveral Air Force Station Space Launch Complex 40"},"payloads":[{"payload_id":"AsiaSat 6","customers":["AsiaSat"],"payload_type":"Satellite","payload_mass_kg":4428,"payload_mass_lbs":9762,"orbit":"GTO"}],"launch_success":true,"reused":false,"land_success":false,"landing_type":null,"landing_vehicle":null,"links":{"mission_patch":"http://i.imgur.com/aURjrBV.png","reddit_campaign":null,"reddit_launch":"http://www.reddit.com/r/spacex/comments/2fenrv","reddit_recovery":null,"reddit_media":null,"presskit":"https://www.spaceflightnow.com/falcon9/012/presskit.pdf","article_link":"https://en.wikipedia.org/wiki/AsiaSat_6","video_link":"https://www.youtube.com/watch?v=39ninsyTRk8"},"details":null},{"flight_number":18,"launch_year":"2014","launch_date_unix":1411278720,"launch_date_utc":"2014-09-21T05:52:00Z","launch_date_local":"2014-09-21T01:52:00-04:00","rocket":{"rocket_id":"falcon9","rocket_name":"Falcon 9","rocket_type":"v1.1"},"telemetry":{"flight_club":null},"core_serial":"B1010","cap_serial":"C106","reuse":{"core":false,"side_core1":false,"side_core2":false,"fairings":false,"capsule":false},"launch_site":{"site_id":"ccafs_slc_40","site_name":"CCAFS SLC 40","site_name_long":"Cape Canaveral Air Force Station Space Launch Complex 40"},"payloads":[{"payload_id":"SpaceX CRS-4","customers":["NASA (CRS)"],"payload_type":"Dragon 1.1","payload_mass_kg":2216,"payload_mass_lbs":4885,"orbit":"ISS","mass_returned_kg":1486,"mass_returned_lbs":3276,"flight_time_sec":2987160,"cargo_manifest":"https://www.nasa.gov/sites/default/files/files/SpaceX_CRS-4_Mission_Overview-1.pdf"}],"launch_success":true,"reused":false,"land_success":true,"landing_type":"Ocean","landing_vehicle":null,"links":{"mission_patch":"http://i.imgur.com/1xaCZfx.png","reddit_campaign":null,"reddit_launch":"http://www.reddit.com/r/spacex/comments/2grxer","reddit_recovery":null,"reddit_media":null,"presskit":"https://www.nasa.gov/sites/default/files/files/SpaceX_NASA_CRS-4_PressKit.pdf","article_link":"https://en.wikipedia.org/wiki/SpaceX_CRS-4","video_link":"https://www.youtube.com/watch?v=7YkCh7uOw1Y"},"details":null},{"flight_number":19,"launch_year":"2015","launch_date_unix":1420883220,"launch_date_utc":"2015-01-10T09:47:00Z","launch_date_local":"2015-01-10T05:47:00-04:00","rocket":{"rocket_id":"falcon9","rocket_name":"Falcon 9","rocket_type":"v1.1"},"telemetry":{"flight_club":null},"core_serial":"B1012","cap_serial":"C107","reuse":{"core":false,"side_core1":false,"side_core2":false,"fairings":false,"capsule":false},"launch_site":{"site_id":"ccafs_slc_40","site_name":"CCAFS SLC 40","site_name_long":"Cape Canaveral Air Force Station Space Launch Complex 40"},"payloads":[{"payload_id":"SpaceX CRS-5","customers":["NASA (CRS)"],"payload_type":"Dragon 1.1","payload_mass_kg":2395,"payload_mass_lbs":5280,"orbit":"ISS","mass_returned_kg":1633,"mass_returned_lbs":3600,"flight_time_sec":2764800,"cargo_manifest":"https://www.nasa.gov/sites/default/files/files/SpaceX_CRS-5_factsheet.pdf"}],"launch_success":true,"reused":false,"land_success":false,"landing_type":"ASDS","landing_vehicle":"JRTI","links":{"mission_patch":"http://i.imgur.com/k1UOknU.png","reddit_campaign":null,"reddit_launch":"http://www.reddit.com/r/spacex/comments/2rrdha","reddit_recovery":null,"reddit_media":null,"presskit":"http://www.spacex.com/sites/spacex/files/spacex_nasa_crs-5_presskit.pdf","article_link":"https://en.wikipedia.org/wiki/SpaceX_CRS-5","video_link":"https://www.youtube.com/watch?v=p7x-SumbynI"},"details":"Following second stage separation, SpaceX performed a test flight which attempted to return the first stage of the Falcon 9 through the atmosphere and land it on an approximately 90-by-50-meter (300 ft x 160 ft) floating platform-called the autonomous spaceport drone ship. Many of the test objectives were achieved, including precision control of the rocket's descent to land on the platform at a specific point in the Atlantic ocean, and a large amount of test data was obtained from the first use of grid fin control surfaces used for more precise reentry positioning. The grid fin control system ran out of hydraulic fluid a minute before landing and the landing itself resulted in a crash."},{"flight_number":20,"launch_year":"2015","launch_date_unix":1423695780,"launch_date_utc":"2015-02-11T23:03:00Z","launch_date_local":"2015-02-11T19:03:00-04:00","rocket":{"rocket_id":"falcon9","rocket_name":"Falcon 9","rocket_type":"v1.1"},"telemetry":{"flight_club":null},"core_serial":"B1013","cap_serial":null,"reuse":{"core":false,"side_core1":false,"side_core2":false,"fairings":false,"capsule":false},"launch_site":{"site_id":"ccafs_slc_40","site_name":"CCAFS SLC 40","site_name_long":"Cape Canaveral Air Force Station Space Launch Complex 40"},"payloads":[{"payload_id":"DSCOVR","customers":["NASA","NOAA","USAF"],"payload_type":"Satellite","payload_mass_kg":570,"payload_mass_lbs":1260,"orbit":"ES-L1"}],"launch_success":true,"reused":false,"land_success":true,"landing_type":"Ocean","landing_vehicle":null,"links":{"mission_patch":"http://i.imgur.com/vs7mbfh.png","reddit_campaign":null,"reddit_launch":"http://www.reddit.com/r/spacex/comments/2vjm9e","reddit_recovery":null,"reddit_media":null,"presskit":"http://www.spacex.com/press/2015/02/11/dscovr-launch-update","article_link":"https://en.wikipedia.org/wiki/Deep_Space_Climate_Observatory","video_link":"https://www.youtube.com/watch?v=OvHJSIKP0Hg"},"details":"First launch under USAF's OSP 3 launch contract. First SpaceX launch to put a satellite to an orbit with an orbital altitude many times the distance to the Moon: Sun-Earth libration point L1. The first stage made a test flight descent to an over-ocean landing within 10 m (33 ft) of its intended target."},{"flight_number":21,"launch_year":"2015","launch_date_unix":1425268200,"launch_date_utc":"2015-03-02T03:50:00Z","launch_date_local":"2015-03-02T23:50:00-04:00","rocket":{"rocket_id":"falcon9","rocket_name":"Falcon 9","rocket_type":"v1.1"},"telemetry":{"flight_club":null},"core_serial":"B1014","cap_serial":null,"reuse":{"core":false,"side_core1":false,"side_core2":false,"fairings":false,"capsule":false},"launch_site":{"site_id":"ccafs_slc_40","site_name":"CCAFS SLC 40","site_name_long":"Cape Canaveral Air Force Station Space Launch Complex 40"},"payloads":[{"payload_id":"ABS-3A","customers":["ABS"],"payload_type":"Satellite","payload_mass_kg":4159,"payload_mass_lbs":9169,"orbit":"GTO"},{"payload_id":"Eutelsat 115 West B","customers":["Eutelsat"],"payload_type":"Satellite","payload_mass_kg":4159,"payload_mass_lbs":9169,"orbit":"GTO"}],"launch_success":true,"reused":false,"land_success":false,"landing_type":null,"landing_vehicle":null,"links":{"mission_patch":"http://i.imgur.com/c03WXXA.png","reddit_campaign":null,"reddit_launch":"http://www.reddit.com/r/spacex/comments/2x81fc","reddit_recovery":null,"reddit_media":"https://www.reddit.com/r/spacex/comments/2xmumx","presskit":"http://www.spacex.com/sites/spacex/files/abs-eutelsatfactsheet.pdf","article_link":"https://www.space.com/28702-spacex-rocket-launches-satellites-video.html","video_link":"https://www.youtube.com/watch?v=mN7lyaCBzT8"},"details":"The launch was Boeing's first-ever conjoined launch of a lighter-weight dual-commsat stack that was specifically designed to take advantage of the lower-cost SpaceX Falcon 9 launch vehicle. Per satellite, launch costs were less than $30 million. The ABS satellite reached its final destination ahead of schedule and started operations on September 10."},{"flight_number":22,"launch_year":"2015","launch_date_unix":1429042200,"launch_date_utc":"2015-04-14T20:10:00Z","launch_date_local":"2015-04-14T16:10:00-04:00","rocket":{"rocket_id":"falcon9","rocket_name":"Falcon 9","rocket_type":"v1.1"},"core_serial":"B1015","cap_serial":"C108","reuse":{"core":false,"side_core1":false,"side_core2":false,"fairings":false,"capsule":false},"telemetry":{"flight_club":null},"launch_site":{"site_id":"ccafs_slc_40","site_name":"CCAFS SLC 40","site_name_long":"Cape Canaveral Air Force Station Space Launch Complex 40"},"payloads":[{"payload_id":"SpaceX CRS-6","customers":["NASA (CRS)"],"payload_type":"Dragon 1.1","payload_mass_kg":1898,"payload_mass_lbs":4184,"orbit":"ISS","mass_returned_kg":1361,"mass_returned_lbs":3000,"flight_time_sec":3110400,"cargo_manifest":"https://blogs.nasa.gov/spacex/wp-content/uploads/sites/227/2015/04/SpaceX_CRS-6_Mission_Overview.pdf"}],"launch_success":true,"reused":false,"land_success":false,"landing_type":"ASDS","landing_vehicle":"JRTI","links":{"mission_patch":"http://i.imgur.com/F7X9KAc.png","reddit_campaign":null,"reddit_launch":"https://www.reddit.com/r/spacex/comments/32jnyd","reddit_recovery":null,"reddit_media":"https://www.reddit.com/r/spacex/comments/32lw5y","presskit":"https://www.nasa.gov/sites/default/files/files/SpaceX_NASA_CRS-6_PressKit.pdf","article_link":"https://en.wikipedia.org/wiki/SpaceX_CRS-6","video_link":"https://www.youtube.com/watch?v=csVpa25iqH0"},"details":"Following the first-stage boost, SpaceX attempted a controlled-descent test of the first stage. The first stage contacted the ship, but soon tipped over due to excess lateral velocity caused by a stuck throttle valve resulting in a later-than-intended downthrottle."},{"flight_number":23,"launch_year":"2015","launch_date_unix":1430175780,"launch_date_utc":"2015-04-27T23:03:00Z","launch_date_local":"2015-04-27T19:03:00-04:00","rocket":{"rocket_id":"falcon9","rocket_name":"Falcon 9","rocket_type":"v1.1"},"core_serial":"B1016","cap_serial":null,"reuse":{"core":false,"side_core1":false,"side_core2":false,"fairings":false,"capsule":false},"telemetry":{"flight_club":null},"launch_site":{"site_id":"ccafs_slc_40","site_name":"CCAFS SLC 40","site_name_long":"Cape Canaveral Air Force Station Space Launch Complex 40"},"payloads":[{"payload_id":"TürkmenÄlem 52°E / MonacoSAT","customers":["Turkmenistan National Space Agency"],"payload_type":"Satellite","payload_mass_kg":4707,"payload_mass_lbs":10377,"orbit":"GTO"}],"launch_success":true,"reused":false,"land_success":false,"landing_type":null,"landing_vehicle":null,"links":{"mission_patch":"http://i.imgur.com/FohDRE1.png","reddit_campaign":null,"reddit_launch":"https://www.reddit.com/r/spacex/comments/33xqcj","reddit_recovery":null,"reddit_media":"https://www.reddit.com/r/spacex/comments/3439s3","presskit":"http://www.spacex.com/sites/spacex/files/spacexthalesfactsheet_final.pdf","article_link":"https://en.wikipedia.org/wiki/T%C3%BCrkmen%C3%84lem_52%C2%B0E_/_MonacoSAT","video_link":"https://www.youtube.com/watch?v=nBwAYT_ogj4"},"details":null},{"flight_number":24,"launch_year":"2015","launch_date_unix":1435501260,"launch_date_utc":"2015-06-28T14:21:00Z","launch_date_local":"2015-06-28T10:21:00-04:00","rocket":{"rocket_id":"falcon9","rocket_name":"Falcon 9","rocket_type":"FT"},"core_serial":"B1018","cap_serial":"C109","reuse":{"core":false,"side_core1":false,"side_core2":false,"fairings":false,"capsule":false},"telemetry":{"flight_club":null},"launch_site":{"site_id":"ccafs_slc_40","site_name":"CCAFS SLC 40","site_name_long":"Cape Canaveral Air Force Station Space Launch Complex 40"},"payloads":[{"payload_id":"SpaceX CRS-7","customers":["NASA (CRS)"],"payload_type":"Dragon 1.1","payload_mass_kg":1952,"payload_mass_lbs":4303,"orbit":"ISS","mass_returned_kg":null,"mass_returned_lbs":null,"flight_time_sec":139,"cargo_manifest":"https://www.nasa.gov/sites/default/files/atoms/files/spacex_crs7_mission_overview.pdf"}],"launch_success":false,"reused":false,"land_success":false,"landing_type":"ASDS","landing_vehicle":null,"links":{"mission_patch":"http://i.imgur.com/ovDJwij.png","reddit_campaign":null,"reddit_launch":"https://www.reddit.com/r/spacex/comments/3b27hk","reddit_recovery":null,"reddit_media":"https://www.reddit.com/r/spacex/comments/3berj3","presskit":"https://www.nasa.gov/sites/default/files/atoms/files/spacex_nasa_crs-7_presskit.pdf","article_link":"https://en.wikipedia.org/wiki/SpaceX_CRS-7","video_link":"https://www.youtube.com/watch?v=PuNymhcTtSQ"},"details":"Launch performance was nominal until an overpressure incident in the second-stage LOX tank, leading to vehicle breakup at T+150 seconds. The Dragon capsule survived the explosion but was lost upon splashdown because its software did not contain provisions for parachute deployment on launch vehicle failure."},{"flight_number":25,"launch_year":"2015","launch_date_unix":1450747740,"launch_date_utc":"2015-12-22T01:29:00Z","launch_date_local":"2015-12-22T21:29:00-04:00","rocket":{"rocket_id":"falcon9","rocket_name":"Falcon 9","rocket_type":"FT"},"core_serial":"B1019","cap_serial":null,"reuse":{"core":false,"side_core1":false,"side_core2":false,"fairings":false,"capsule":false},"telemetry":{"flight_club":"https://www.flightclub.io/results/?code=OG22"},"launch_site":{"site_id":"ccafs_slc_40","site_name":"CCAFS SLC 40","site_name_long":"Cape Canaveral Air Force Station Space Launch Complex 40"},"payloads":[{"payload_id":"Orbcomm-OG2-M2","customers":["Orbcomm"],"payload_type":"Satellite","payload_mass_kg":2034,"payload_mass_lbs":4484,"orbit":"LEO"}],"launch_success":true,"reused":false,"land_success":true,"landing_type":"RTLS","landing_vehicle":"LZ-1","links":{"mission_patch":"http://i.imgur.com/OlblmGo.png","reddit_campaign":null,"reddit_launch":"https://www.reddit.com/r/spacex/comments/3xgxh5","reddit_recovery":null,"reddit_media":"https://www.reddit.com/r/spacex/comments/3xm83h/","presskit":"http://www.spacex.com/sites/spacex/files/spacex_orbcomm_press_kit_final2.pdf","article_link":"https://en.wikipedia.org/wiki/Falcon_9_flight_20","video_link":"https://www.youtube.com/watch?v=O5bTbVbe4e4"},"details":"Total payload mass was 2,034 kg (4,484 lb) : 11 satellites weighing 172 kg each, plus a 142-kg mass simulator. This was the first launch of the upgraded v1.1 variant (later called Falcon 9 Full Thrust), with a 30 percent power increase. Orbcomm had originally agreed to be the third flight of the enhanced-thrust rocket, but the change to the maiden flight position was announced in October 2015. SpaceX received a permit from the FAA to land the booster on solid ground at Cape Canaveral, and succeeded."},{"flight_number":26,"launch_year":"2016","launch_date_unix":1453045320,"launch_date_utc":"2016-01-17T15:42:00Z","launch_date_local":"2016-01-17T08:42:00-07:00","rocket":{"rocket_id":"falcon9","rocket_name":"Falcon 9","rocket_type":"FT"},"core_serial":"B1017","cap_serial":null,"reuse":{"core":false,"side_core1":false,"side_core2":false,"fairings":false,"capsule":false},"telemetry":{"flight_club":"https://www.flightclub.io/results/?code=JSN3"},"launch_site":{"site_id":"vafb_slc_4e","site_name":"VAFB SLC 4E","site_name_long":"Vandenberg Air Force Base Space Launch Complex 4E"},"payloads":[{"payload_id":"Jason-3","customers":["NASA","NOAA"],"payload_type":"Satellite","payload_mass_kg":553,"payload_mass_lbs":1219,"orbit":"Polar"}],"launch_success":true,"reused":false,"land_success":false,"landing_type":"ASDS","landing_vehicle":"JRTI","links":{"mission_patch":"http://i.imgur.com/u4Y0ifE.png","reddit_campaign":null,"reddit_launch":"https://www.reddit.com/r/spacex/comments/417weg","reddit_recovery":null,"reddit_media":"https://www.reddit.com/r/spacex/comments/41cvdm","presskit":"http://www.spacex.com/sites/spacex/files/spacex_jason3_press_kit.pdf","article_link":"https://en.wikipedia.org/wiki/Jason-3","video_link":"https://www.youtube.com/watch?v=ivdKRJzl6y0"},"details":"First launch of NASA and NOAA joint science mission under the NLS II launch contract (not related to NASA CRS or USAF OSP3 contracts). Last launch of the original Falcon 9 v1.1 launch vehicle. The Jason-3 satellite was successfully deployed to target orbit. SpaceX again attempted a recovery of the first stage booster by landing on an autonomous drone ship; this time located in the Pacific Ocean. The first stage did achieve a soft-landing on the ship, but a lockout on one of the landing legs failed to latch, so that the booster fell over and exploded."},{"flight_number":27,"launch_year":"2016","launch_date_unix":1457134500,"launch_date_utc":"2016-03-04T23:35:00Z","launch_date_local":"2016-03-04T19:35:00-04:00","rocket":{"rocket_id":"falcon9","rocket_name":"Falcon 9","rocket_type":"FT"},"core_serial":"B1020","cap_serial":null,"reuse":{"core":false,"side_core1":false,"side_core2":false,"fairings":false,"capsule":false},"telemetry":{"flight_club":"https://www.flightclub.io/results/?code=SES9"},"launch_site":{"site_id":"ccafs_slc_40","site_name":"CCAFS SLC 40","site_name_long":"Cape Canaveral Air Force Station Space Launch Complex 40"},"payloads":[{"payload_id":"SES-9","customers":["SES"],"payload_type":"Satellite","payload_mass_kg":5271,"payload_mass_lbs":11621,"orbit":"GTO"}],"launch_success":true,"reused":false,"land_success":false,"landing_type":"ASDS","landing_vehicle":"OCISLY","links":{"mission_patch":"http://i.imgur.com/iLT42HV.png","reddit_campaign":null,"reddit_launch":"https://www.reddit.com/r/spacex/comments/48u4yq","reddit_recovery":null,"reddit_media":"https://www.reddit.com/r/spacex/comments/472k8c","presskit":"http://www.spacex.com/sites/spacex/files/spacex_ses9_press_kit_final.pdf","article_link":"https://en.wikipedia.org/wiki/SES-9","video_link":"https://www.youtube.com/watch?v=muDPSyO7-A0"},"details":"Second launch of the enhanced Falcon 9 Full Thrust launch vehicle. Following the launch, SpaceX attempted an experimental landing test to a drone ship, although a successful landing was not expected because launch mass exceeded previously indicated limit for a GTO there was little fuel left. As predicted, booster recovery failed: the spent first stage \"landed hard\", but the controlled-descent, atmospheric re-entry and navigation to the drone ship were successful and returned significant test data on bringing back high-energy Falcon 9s."},{"flight_number":28,"launch_year":"2016","launch_date_unix":1460148180,"launch_date_utc":"2016-04-08T20:43:00Z","launch_date_local":"2016-04-08T16:43:00-04:00","rocket":{"rocket_id":"falcon9","rocket_name":"Falcon 9","rocket_type":"FT"},"core_serial":"B1021","cap_serial":"C110","reuse":{"core":false,"side_core1":false,"side_core2":false,"fairings":false,"capsule":false},"telemetry":{"flight_club":"https://www.flightclub.io/results/?code=CRS8"},"launch_site":{"site_id":"ccafs_slc_40","site_name":"CCAFS SLC 40","site_name_long":"Cape Canaveral Air Force Station Space Launch Complex 40"},"payloads":[{"payload_id":"SpaceX CRS-8","customers":["NASA (CRS)"],"payload_type":"Dragon 1.1","payload_mass_kg":3136,"payload_mass_lbs":6914,"orbit":"ISS","mass_returned_kg":1678,"mass_returned_lbs":3700,"flight_time_sec":2843280,"cargo_manifest":"https://www.nasa.gov/sites/default/files/atoms/files/spacex_crs-8_mission_overview.pdf"}],"launch_success":true,"reused":false,"land_success":true,"landing_type":"ASDS","landing_vehicle":"OCISLY","links":{"mission_patch":"http://i.imgur.com/07T49AS.png","reddit_campaign":null,"reddit_launch":"https://www.reddit.com/r/spacex/comments/4dtoly","reddit_recovery":"https://www.reddit.com/r/spacex/comments/4ee2zy","reddit_media":"https://www.reddit.com/r/spacex/comments/4dtpxn/","presskit":"http://www.spacex.com/sites/spacex/files/spacex_crs8_press_kit.pdf","article_link":"https://en.wikipedia.org/wiki/SpaceX_CRS-8","video_link":"https://www.youtube.com/watch?v=7pUAydjne5M"},"details":"Dragon carried over 1500 kg of supplies and delivered (stowed in its trunk) the inflatable Bigelow Expandable Activity Module (BEAM) to the ISS for two years of in-orbit tests. The rocket's first stage landed smoothly on SpaceX's autonomous spaceport drone ship 9 minutes after liftoff, making this the first ever successful landing of a rocket booster on a ship at sea as part of an orbital launch. The first stage B1021 was later also the first orbital booster to be used again, when launching SES-10 on March 30, 2017."},{"flight_number":29,"launch_year":"2016","launch_date_unix":1462512060,"launch_date_utc":"2016-05-06T05:21:00Z","launch_date_local":"2016-05-06T01:21:00-04:00","rocket":{"rocket_id":"falcon9","rocket_name":"Falcon 9","rocket_type":"FT"},"core_serial":"B1022","cap_serial":null,"reuse":{"core":false,"side_core1":false,"side_core2":false,"fairings":false,"capsule":false},"telemetry":{"flight_club":"https://www.flightclub.io/results/?code=JC14"},"launch_site":{"site_id":"ccafs_slc_40","site_name":"CCAFS SLC 40","site_name_long":"Cape Canaveral Air Force Station Space Launch Complex 40"},"payloads":[{"payload_id":"JCSAT-2B","customers":["SKY Perfect JSAT Group"],"payload_type":"Satellite","payload_mass_kg":4696,"payload_mass_lbs":10353,"orbit":"GTO"}],"launch_success":true,"reused":false,"land_success":true,"landing_type":"ASDS","landing_vehicle":"OCISLY","links":{"mission_patch":"http://i.imgur.com/S6bjdbP.png","reddit_campaign":"https://www.reddit.com/r/spacex/comments/4gyh8z","reddit_launch":"https://www.reddit.com/r/spacex/comments/4htenu","reddit_recovery":"https://www.reddit.com/r/spacex/comments/4ihp1p","reddit_media":"https://www.reddit.com/r/spacex/comments/4htg2g","presskit":"http://www.spacex.com/sites/spacex/files/spacex_jcsat_press_kit_final.pdf","article_link":"https://en.wikipedia.org/wiki/JCSAT-2B","video_link":"https://www.youtube.com/watch?v=L0bMeDj76ig"},"details":"Launched the JCSAT 14 communications satellite for Tokyo-based SKY Perfect JSAT Corp. JCSAT 14 will support data networks, television broadcasters and mobile communications users in Japan, East Asia, Russia, Oceania, Hawaii and other Pacific islands. This was the first time a booster successfully landed after a GTO mission."},{"flight_number":30,"launch_year":"2016","launch_date_unix":1464385140,"launch_date_utc":"2016-05-27T21:39:00Z","launch_date_local":"2016-05-27T17:39:00-04:00","rocket":{"rocket_id":"falcon9","rocket_name":"Falcon 9","rocket_type":"FT"},"core_serial":"B1023","cap_serial":null,"reuse":{"core":false,"side_core1":false,"side_core2":false,"fairings":false,"capsule":false},"telemetry":{"flight_club":"https://www.flightclub.io/results/?code=THM8"},"launch_site":{"site_id":"ccafs_slc_40","site_name":"CCAFS SLC 40","site_name_long":"Cape Canaveral Air Force Station Space Launch Complex 40"},"payloads":[{"payload_id":"Thaicom 8","customers":["Thaicom"],"payload_type":"Satellite","payload_mass_kg":3100,"payload_mass_lbs":6800,"orbit":"GTO"}],"launch_success":true,"reused":false,"land_success":true,"landing_type":"ASDS","landing_vehicle":"OCISLY","links":{"mission_patch":"http://i.imgur.com/2m6Ukfu.png","reddit_campaign":"https://www.reddit.com/r/spacex/comments/4hjz4k","reddit_launch":"https://www.reddit.com/r/spacex/comments/4l9uou","reddit_recovery":"https://www.reddit.com/r/spacex/comments/4lz2y6","reddit_media":"https://www.reddit.com/r/spacex/comments/4l4af1","presskit":"http://www.spacex.com/sites/spacex/files/spacex_thaicom_8_press_kit.pdf","article_link":"https://en.wikipedia.org/wiki/Thaicom_8","video_link":"https://www.youtube.com/watch?v=zBYC4f79iXc"},"details":"Manufactured by Orbital ATK, the 3,100-kilogram (6,800 lb) Thaicom 8 communications satellite will serve Thailand, India and Africa from the 78.5° East geostationary location. It is equipped with 24 active Ku-band transponders."},{"flight_number":31,"launch_year":"2016","launch_date_unix":1466000940,"launch_date_utc":"2016-06-15T14:29:00Z","launch_date_local":"2016-06-15T10:29:00-04:00","rocket":{"rocket_id":"falcon9","rocket_name":"Falcon 9","rocket_type":"FT"},"core_serial":"B1024","cap_serial":null,"reuse":{"core":false,"side_core1":false,"side_core2":false,"fairings":false,"capsule":false},"telemetry":{"flight_club":"https://www.flightclub.io/results/?code=EUA2"},"launch_site":{"site_id":"ccafs_slc_40","site_name":"CCAFS SLC 40","site_name_long":"Cape Canaveral Air Force Station Space Launch Complex 40"},"payloads":[{"payload_id":"ABS-2A","customers":["ABS"],"payload_type":"Satellite","payload_mass_kg":1800,"payload_mass_lbs":3950,"orbit":"GTO"},{"payload_id":"Eutelsat 117 West B","customers":["Eutelsat"],"payload_type":"Satellite","payload_mass_kg":1800,"payload_mass_lbs":3950,"orbit":"GTO"}],"launch_success":true,"reused":false,"land_success":false,"landing_type":"ASDS","landing_vehicle":"OCISLY","links":{"mission_patch":"http://i.imgur.com/QS2rpVF.png","reddit_campaign":"https://www.reddit.com/r/spacex/comments/4ksdy3","reddit_launch":"https://www.reddit.com/r/spacex/comments/4o5u6r","reddit_recovery":"https://www.reddit.com/r/spacex/comments/4on75l","reddit_media":"https://www.reddit.com/r/spacex/comments/4o5j6o","presskit":"https://drive.google.com/open?id=0BwA3a65ef1OvMGpJSlpDNHhjelU","article_link":"https://spaceflightnow.com/2016/06/15/spacex-successfully-fires-satellites-into-orbit-but-loses-booster-on-landing/","video_link":"https://www.youtube.com/watch?v=gLNmtUEvI5A"},"details":"One year after pioneering this technique on flight 16, Falcon again launched two Boeing 702SP gridded ion thruster satellites in a dual-stack configuration, with the two customers sharing the rocket and mission costs. First stage landing attempt on drone ship failed on landing due to low thrust on one of the three landing engines."},{"flight_number":32,"launch_year":"2016","launch_date_unix":1468817100,"launch_date_utc":"2016-07-18T04:45:00Z","launch_date_local":"2016-07-18T00:45:00-04:00","rocket":{"rocket_id":"falcon9","rocket_name":"Falcon 9","rocket_type":"FT"},"core_serial":"B1025","cap_serial":"C111","reuse":{"core":false,"side_core1":false,"side_core2":false,"fairings":false,"capsule":false},"telemetry":{"flight_club":"https://www.flightclub.io/results/?code=CRS9"},"launch_site":{"site_id":"ccafs_slc_40","site_name":"CCAFS SLC 40","site_name_long":"Cape Canaveral Air Force Station Space Launch Complex 40"},"payloads":[{"payload_id":"SpaceX CRS-9","customers":["NASA (CRS)"],"payload_type":"Dragon 1.1","payload_mass_kg":2257,"payload_mass_lbs":4976,"orbit":"ISS","mass_returned_kg":1550,"mass_returned_lbs":3410,"flight_time_sec":3409380,"cargo_manifest":"https://www.nasa.gov/sites/default/files/atoms/files/spacex_crs-9_mission_overview2.pdf"}],"launch_success":true,"reused":false,"land_success":true,"landing_type":"RTLS","landing_vehicle":"LZ-1","links":{"mission_patch":"http://i.imgur.com/s3vaMXS.png","reddit_campaign":"https://www.reddit.com/r/spacex/comments/4ksedl","reddit_launch":"https://www.reddit.com/r/spacex/comments/4t2umd/","reddit_recovery":"https://www.reddit.com/r/spacex/comments/4znsvo","reddit_media":"https://www.reddit.com/r/spacex/comments/4tayth","presskit":"https://drive.google.com/open?id=0BwA3a65ef1OvM0JpSXdDUUJMRVk","article_link":"https://en.wikipedia.org/wiki/SpaceX_CRS-9","video_link":"https://www.youtube.com/watch?v=ThIdCuSsJh8"},"details":"Among other cargo, an International Docking Adapter (IDA-2) was carried to the ISS. This mission had a successful first-stage landing at Cape Canaveral.*Including the reusable Dragon Capsule, total payload to orbit was 6457 kg."},{"flight_number":33,"launch_year":"2016","launch_date_unix":1471152360,"launch_date_utc":"2016-08-14T05:26:00Z","launch_date_local":"2016-08-14T01:26:00-04:00","rocket":{"rocket_id":"falcon9","rocket_name":"Falcon 9","rocket_type":"FT"},"core_serial":"B1026","cap_serial":null,"reuse":{"core":false,"side_core1":false,"side_core2":false,"fairings":false,"capsule":false},"telemetry":{"flight_club":"https://www.flightclub.io/results/?code=JC16"},"launch_site":{"site_id":"ccafs_slc_40","site_name":"CCAFS SLC 40","site_name_long":"Cape Canaveral Air Force Station Space Launch Complex 40"},"payloads":[{"payload_id":"JCSAT-16","customers":["SKY Perfect JCSAT Group"],"payload_type":"Satellite","payload_mass_kg":4600,"payload_mass_lbs":10100,"orbit":"GTO"}],"launch_success":true,"reused":false,"land_success":true,"landing_type":"ASDS","landing_vehicle":"OCISLY","links":{"mission_patch":"http://i.imgur.com/3jvAvFU.png","reddit_campaign":"https://www.reddit.com/r/spacex/comments/4pv6ws","reddit_launch":"https://www.reddit.com/r/spacex/comments/4xi7uq","reddit_recovery":"https://www.reddit.com/r/spacex/comments/4y5xd1","reddit_media":"https://www.reddit.com/r/spacex/comments/4xkdfj","presskit":"https://drive.google.com/open?id=0BwA3a65ef1Ovb0FkYnE5dElZRlU","article_link":"https://en.wikipedia.org/wiki/JCSAT-16","video_link":"https://www.youtube.com/watch?v=QZTCEO0gvLo"},"details":"First attempt to touch down from a ballistic trajectory using a single-engine landing burn. All previous landings from a ballistic trajectory had fired three engines on the landing-burn, which provided more braking force, but subjected the vehicle to greater structural stresses. The single-engine landing burn takes more time and fuel, but puts less stress on the vehicle."},{"flight_number":34,"launch_year":"2016","launch_date_unix":1472735220,"launch_date_utc":"2016-09-01T13:07:00Z","launch_date_local":"2016-09-01T09:07:00-04:00","rocket":{"rocket_id":"falcon9","rocket_name":"Falcon 9","rocket_type":"FT"},"core_serial":"B1028","cap_serial":null,"reuse":{"core":false,"side_core1":false,"side_core2":false,"fairings":false,"capsule":false},"telemetry":{"flight_club":null},"launch_site":{"site_id":"ccafs_slc_40","site_name":"CCAFS SLC 40","site_name_long":"Cape Canaveral Air Force Station Space Launch Complex 40"},"payloads":[{"payload_id":"Amos-6","customers":["Spacecom"],"payload_type":"Satellite","payload_mass_kg":5500,"payload_mass_lbs":12100,"orbit":"GTO"}],"launch_success":false,"reused":false,"land_success":false,"landing_type":"RTLS","landing_vehicle":null,"links":{"mission_patch":"http://i.imgur.com/R7Qp8PY.png","reddit_campaign":"https://www.reddit.com/r/spacex/comments/4pv7jl","reddit_launch":null,"reddit_recovery":null,"reddit_media":null,"presskit":null,"article_link":"https://en.wikipedia.org/wiki/Amos-6","video_link":"https://www.youtube.com/watch?v=_BgJEXQkjNQ"},"details":"The rocket and Amos-6 payload were lost in a launch pad explosion on September 1, 2016 during propellant fill prior to a static fire test. The pad was clear of personnel and there were no injuries."},{"flight_number":35,"launch_year":"2017","launch_date_unix":1484416440,"launch_date_utc":"2017-01-14T17:54:00Z","launch_date_local":"2017-01-14T10:54:00-07:00","rocket":{"rocket_id":"falcon9","rocket_name":"Falcon 9","rocket_type":"FT"},"core_serial":"B1029","cap_serial":null,"reuse":{"core":false,"side_core1":false,"side_core2":false,"fairings":false,"capsule":false},"telemetry":{"flight_club":"https://www.flightclub.io/results/?code=IRD1"},"launch_site":{"site_id":"vafb_slc_4e","site_name":"VAFB SLC 4E","site_name_long":"Vandenberg Air Force Base Space Launch Complex 4E"},"payloads":[{"payload_id":"Iridium NEXT 1","customers":["Iridium Communications"],"payload_type":"Satellite","payload_mass_kg":9600,"payload_mass_lbs":21200,"orbit":"LEO"}],"launch_success":true,"reused":false,"land_success":true,"landing_type":"ASDS","landing_vehicle":"JRTI","links":{"mission_patch":"http://i.imgur.com/f2OA2As.png","reddit_campaign":"https://www.reddit.com/r/spacex/comments/5dii6z","reddit_launch":"https://www.reddit.com/r/spacex/comments/5nsaqm","reddit_recovery":"https://www.reddit.com/r/spacex/comments/5oe9kk","reddit_media":"https://www.reddit.com/r/spacex/comments/5nsico","presskit":"https://drive.google.com/open?id=0BwA3a65ef1OvZC1aU3FuMlQzalE","article_link":"https://en.wikipedia.org/wiki/Iridium_satellite_constellation#Next-generation_constellation","video_link":"https://www.youtube.com/watch?v=7WimRhydggo"},"details":"Return-to-flight mission after the loss of Amos-6 in September 2016. Iridium NEXT will replace the original Iridium constellation, launched in the late 1990s. Each Falcon mission will carry 10 satellites, with a goal to complete deployment of the 66 plus 9 spare satellite constellation by mid 2018. The first two Iridium qualification units were supposed to ride a Dnepr rocket in April 2016 but were delayed, so Iridium decided to qualify the first batch of 10 satellites instead."},{"flight_number":36,"launch_year":"2017","launch_date_unix":1487515140,"launch_date_utc":"2017-02-19T14:39:00Z","launch_date_local":"2017-02-19T10:39:00-04:00","rocket":{"rocket_id":"falcon9","rocket_name":"Falcon 9","rocket_type":"FT"},"core_serial":"B1031","cap_serial":"C112","reuse":{"core":false,"side_core1":false,"side_core2":false,"fairings":false,"capsule":false},"telemetry":{"flight_club":"https://www.flightclub.io/results/?code=CR10"},"launch_site":{"site_id":"ksc_lc_39a","site_name":"KSC LC 39A","site_name_long":"Kennedy Space Center Historic Launch Complex 39A"},"payloads":[{"payload_id":"SpaceX CRS-10","customers":["NASA (CRS)"],"payload_type":"Dragon 1.1","payload_mass_kg":2490,"payload_mass_lbs":5490,"orbit":"ISS","mass_returned_kg":1652,"mass_returned_lbs":3642,"flight_time_sec":2419620,"cargo_manifest":"https://www.nasa.gov/sites/default/files/atoms/files/spacex_crs-10_mission_overview.pdf"}],"launch_success":true,"reused":false,"land_success":true,"landing_type":"RTLS","landing_vehicle":"LZ-1","links":{"mission_patch":"http://i.imgur.com/4zo17M6.png","reddit_campaign":"https://www.reddit.com/r/spacex/comments/5n2eqx","reddit_launch":"https://www.reddit.com/r/spacex/comments/5uw4bh","reddit_recovery":"https://www.reddit.com/r/spacex/comments/609aq4","reddit_media":"https://www.reddit.com/r/spacex/comments/5uoy8o","presskit":"http://www.spacex.com/sites/spacex/files/crs10presskitfinal.pdf","article_link":"https://en.wikipedia.org/wiki/SpaceX_CRS-10","video_link":"https://www.youtube.com/watch?v=giNhaEzv_PI"},"details":"First Falcon 9 flight from the historic LC-39A launchpad at Kennedy Space Center, carrying supplies and materials to support dozens of science and research investigations scheduled during ISS Expeditions 50 and 51. The first stage returned to launch site and landed at LZ-1."},{"flight_number":37,"launch_year":"2017","launch_date_unix":1489644000,"launch_date_utc":"2017-03-16T06:00:00Z","launch_date_local":"2017-03-16T02:00:00-04:00","rocket":{"rocket_id":"falcon9","rocket_name":"Falcon 9","rocket_type":"FT"},"core_serial":"B1030","cap_serial":null,"reuse":{"core":false,"side_core1":false,"side_core2":false,"fairings":false,"capsule":false},"telemetry":{"flight_club":"https://www.flightclub.io/results/?code=ES23"},"launch_site":{"site_id":"ksc_lc_39a","site_name":"KSC LC 39A","site_name_long":"Kennedy Space Center Historic Launch Complex 39A"},"payloads":[{"payload_id":"EchoStar 23","customers":["EchoStar"],"payload_type":"Satellite","payload_mass_kg":5600,"payload_mass_lbs":12399,"orbit":"GTO"}],"launch_success":true,"reused":false,"land_success":false,"landing_type":null,"landing_vehicle":null,"links":{"mission_patch":"http://i.imgur.com/6Ykkq2B.png","reddit_campaign":"https://www.reddit.com/r/spacex/comments/5n2e10/echostar_23_launch_campaign_thread/","reddit_launch":"https://www.reddit.com/r/spacex/comments/5z8dkm/welcome_to_the_rspacex_echostar23_official_launch/","reddit_recovery":null,"reddit_media":"https://www.reddit.com/r/spacex/comments/5z8if6/rspacex_echostar_23_media_thread_videos_images/","presskit":"http://www.spacex.com/sites/spacex/files/echostarxxiiifinal.pdf","article_link":"http://spacenews.com/spacex-launches-echostar-23/","video_link":"https://www.youtube.com/watch?v=lZmqbL-hz7U"},"details":"Communications satellite for EchoStar Corp. EchoStar XXIII, based on a spare platform from the cancelled CMBStar 1 satellite program, will provide direct-to-home television broadcast services over Brazil. There was no attempt at a first-stage recovery so this rocket did not have landing legs or grid fins."},{"flight_number":38,"launch_year":"2017","launch_date_unix":1490912820,"launch_date_utc":"2017-03-30T22:27:00Z","launch_date_local":"2017-03-30T18:27:00-04:00","rocket":{"rocket_id":"falcon9","rocket_name":"Falcon 9","rocket_type":"FT"},"core_serial":"B1021","cap_serial":null,"reuse":{"core":true,"side_core1":false,"side_core2":false,"fairings":false,"capsule":false},"telemetry":{"flight_club":"https://www.flightclub.io/results/?code=SS10"},"launch_site":{"site_id":"ksc_lc_39a","site_name":"KSC LC 39A","site_name_long":"Kennedy Space Center Historic Launch Complex 39A"},"payloads":[{"payload_id":"SES-10","customers":["SES"],"payload_type":"Satellite","payload_mass_kg":5300,"payload_mass_lbs":11700,"orbit":"GTO"}],"launch_success":true,"reused":false,"land_success":true,"landing_type":"ASDS","landing_vehicle":"OCISLY","links":{"mission_patch":"http://i.imgur.com/99fVv0S.png","reddit_campaign":"https://www.reddit.com/r/spacex/comments/5sjrzj/ses10_launch_campaign_thread/","reddit_launch":"https://www.reddit.com/r/spacex/comments/62aqi7/rspacex_ses10_official_launch_discussion_updates/","reddit_recovery":"https://www.reddit.com/r/spacex/comments/634gmr/b1021ses10_recovery_thread/","reddit_media":"https://www.reddit.com/r/spacex/comments/62aqad/rspacex_ses10_media_thread_videos_images_gifs/","presskit":"http://www.spacex.com/sites/spacex/files/finalses10presskit.pdf","article_link":"https://en.wikipedia.org/wiki/SES-10","video_link":"https://www.youtube.com/watch?v=xsZSXav4wI8"},"details":"First payload to fly on a reused first stage, B1021, previously launched with CRS-8, which also landed a second time. In what is also a first, the payload fairing remained intact after a successful splashdown achieved with thrusters and a steerable parachute."},{"flight_number":39,"launch_year":"2017","launch_date_unix":1493637300,"launch_date_utc":"2017-05-01T11:15:00Z","launch_date_local":"2017-05-01T07:15:00-04:00","rocket":{"rocket_id":"falcon9","rocket_name":"Falcon 9","rocket_type":"FT"},"core_serial":"B1032","cap_serial":null,"reuse":{"core":false,"side_core1":false,"side_core2":false,"fairings":false,"capsule":false},"telemetry":{"flight_club":null},"launch_site":{"site_id":"ksc_lc_39a","site_name":"KSC LC 39A","site_name_long":"Kennedy Space Center Historic Launch Complex 39A"},"payloads":[{"payload_id":"NROL-76","customers":["NRO"],"payload_type":"Satellite","payload_mass_kg":0,"payload_mass_lbs":0,"orbit":"LEO"}],"launch_success":true,"reused":true,"land_success":true,"landing_type":"RTLS","landing_vehicle":"LZ-1","links":{"mission_patch":"http://i.imgur.com/BzYVR9F.png","reddit_campaign":"https://www.reddit.com/r/spacex/comments/601ykx","reddit_launch":"https://www.reddit.com/r/spacex/comments/68bn8y/","reddit_recovery":null,"reddit_media":"https://www.reddit.com/r/spacex/comments/68bpii","presskit":"http://www.spacex.com/sites/spacex/files/nrol76presskit.pdf","article_link":"https://techcrunch.com/2017/05/01/spacex-successfully-launches-nrol-76-u-s-military-satellite/","video_link":"https://www.youtube.com/watch?v=EzQpkQ1etdA"},"details":"First launch under SpaceX's certification for national security space missions, which allows SpaceX to contract launch services for classified payloads. Second-stage speed and altitude telemetry were omitted from the launch webcast, which displayed first-stage telemetry instead, with continuous tracking of the booster from liftoff to landing for the first time."},{"flight_number":40,"launch_year":"2017","launch_date_unix":1494890460,"launch_date_utc":"2017-05-15T23:21:00Z","launch_date_local":"2017-05-15T19:21:00-04:00","rocket":{"rocket_id":"falcon9","rocket_name":"Falcon 9","rocket_type":"FT"},"core_serial":"B1034","cap_serial":null,"reuse":{"core":false,"side_core1":false,"side_core2":false,"fairings":false,"capsule":false},"telemetry":{"flight_club":"https://www.flightclub.io/results/?code=I5F4"},"launch_site":{"site_id":"ksc_lc_39a","site_name":"KSC LC 39A","site_name_long":"Kennedy Space Center Historic Launch Complex 39A"},"payloads":[{"payload_id":"Inmarsat-5 F4","customers":["Inmarsat"],"payload_type":"Satellite","payload_mass_kg":6070,"payload_mass_lbs":13380,"orbit":"GTO"}],"launch_success":true,"reused":false,"land_success":false,"landing_type":null,"landing_vehicle":null,"links":{"mission_patch":"http://i.imgur.com/nAzU032.png","reddit_campaign":"https://www.reddit.com/r/spacex/comments/64kguj/","reddit_launch":"https://www.reddit.com/r/spacex/comments/6b88hz/","reddit_recovery":null,"reddit_media":"https://www.reddit.com/r/spacex/comments/6bcf8j/","presskit":"http://www.spacex.com/sites/spacex/files/inmarsat5f4presskit.pdf","article_link":"https://www.space.com/36852-spacex-launches-inmarsat-5-f4-satellite.html","video_link":"https://www.youtube.com/watch?v=ynMYE64IEKs&t=1271s"},"details":"At 6,070 kg this was the heaviest payload launched to GTO by a Falcon 9 rocket. The launch was originally scheduled for the Falcon Heavy, but performance improvements allowed the mission to be carried out by an expendable Falcon 9 instead."},{"flight_number":41,"launch_year":"2017","launch_date_unix":1496524020,"launch_date_utc":"2017-06-03T21:07:00Z","launch_date_local":"2017-06-03T17:07:00-04:00","rocket":{"rocket_id":"falcon9","rocket_name":"Falcon 9","rocket_type":"FT"},"core_serial":"B1035","cap_serial":"C106","reuse":{"core":false,"side_core1":false,"side_core2":false,"fairings":false,"capsule":true},"telemetry":{"flight_club":"https://www.flightclub.io/results/?code=CR11"},"launch_site":{"site_id":"ksc_lc_39a","site_name":"KSC LC 39A","site_name_long":"Kennedy Space Center Historic Launch Complex 39A"},"payloads":[{"payload_id":"SpaceX CRS-11","customers":["NASA (CRS)"],"payload_type":"Dragon 1.1","payload_mass_kg":2708,"payload_mass_lbs":5970,"orbit":"ISS","mass_returned_kg":1900,"mass_returned_lbs":4100,"flight_time_sec":2559840,"cargo_manifest":"https://www.nasa.gov/sites/default/files/atoms/files/spacex_crs-11_mission_overview.pdf"}],"launch_success":true,"reused":false,"land_success":true,"landing_type":"RTLS","landing_vehicle":"LZ-1","links":{"mission_patch":"http://spacexpatchlist.space/images/thumbs/crs_11.png","reddit_campaign":"https://www.reddit.com/r/spacex/comments/68ul58/","reddit_launch":"https://www.reddit.com/r/spacex/comments/6ektkt/","reddit_recovery":null,"reddit_media":"https://www.reddit.com/r/spacex/comments/6emlzr/","presskit":"http://www.spacex.com/sites/spacex/files/crs11presskit.pdf","article_link":"https://en.wikipedia.org/wiki/SpaceX_CRS-11","video_link":"https://www.youtube.com/watch?v=JuZBOUMsYws"},"details":"This mission delivered the Neutron Star Interior Composition Explorer (NICER) to the ISS, along with the MUSES Earth imaging platform and ROSA solar array. For the first time, this mission launched a refurbished Dragon capsule, serial number C106 which first flew in September 2014 on the CRS-4 mission. Originally scheduled to launch on June 1, but was scrubbed due to inclement weather."},{"flight_number":42,"launch_year":"2017","launch_date_unix":1498245000,"launch_date_utc":"2017-06-23T19:10:00Z","launch_date_local":"2017-06-23T15:10:00-04:00","rocket":{"rocket_id":"falcon9","rocket_name":"Falcon 9","rocket_type":"FT"},"core_serial":"B1029","cap_serial":null,"reuse":{"core":true,"side_core1":false,"side_core2":false,"fairings":false,"capsule":false},"telemetry":{"flight_club":"https://www.flightclub.io/results/?code=BGS1"},"launch_site":{"site_id":"ksc_lc_39a","site_name":"KSC LC 39A","site_name_long":"Kennedy Space Center Historic Launch Complex 39A"},"payloads":[{"payload_id":"BulgariaSat-1","customers":["Bulgaria Sat"],"payload_type":"Satellite","payload_mass_kg":3669,"payload_mass_lbs":8089,"orbit":"GTO"}],"launch_success":true,"reused":true,"land_success":true,"landing_type":"ASDS","landing_vehicle":"OCISLY","links":{"mission_patch":"http://i.imgur.com/VAvulaO.png","reddit_campaign":"https://www.reddit.com/r/spacex/comments/69hhkm/bulgariasat1_launch_campaign_thread/","reddit_launch":"https://www.reddit.com/r/spacex/comments/6isph2/welcome_to_the_rspacex_bulgariasat1_official/","reddit_recovery":"https://www.reddit.com/r/spacex/comments/6k3kop/b10292_bulgariasat_1_recovery_thread/","reddit_media":"https://www.reddit.com/r/spacex/comments/6iuj1z/rspacex_bulgariasat1_media_thread_videos_images/","presskit":"http://www.spacex.com/sites/spacex/files/bulgariasat1presskit.pdf","article_link":"https://en.wikipedia.org/wiki/BulgariaSat-1","video_link":"https://www.youtube.com/watch?v=Y8mLi-rRTh8"},"details":"Second time a booster will be reused: Second flight of B1029 after the Iridium mission of January 2017. The satellite will be the first commercial Bulgarian-owned communications satellite and it will provide television broadcasts and other communications services over southeast Europe."},{"flight_number":43,"launch_year":"2017","launch_date_unix":1498397100,"launch_date_utc":"2017-06-25T13:25:00Z","launch_date_local":"2017-06-25T06:25:00-07:00","rocket":{"rocket_id":"falcon9","rocket_name":"Falcon 9","rocket_type":"FT"},"core_serial":"B1036","cap_serial":null,"reuse":{"core":false,"side_core1":false,"side_core2":false,"fairings":false,"capsule":false},"telemetry":{"flight_club":"https://www.flightclub.io/results/?code=IRD2"},"launch_site":{"site_id":"vafb_slc_4e","site_name":"VAFB SLC 4E","site_name_long":"Vandenberg Air Force Base Space Launch Complex 4E"},"payloads":[{"payload_id":"Iridium NEXT 2","customers":["Iridium Communications"],"payload_type":"Satellite","payload_mass_kg":9600,"payload_mass_lbs":21164,"orbit":"LEO"}],"launch_success":true,"reused":false,"land_success":true,"landing_type":"ASDS","landing_vehicle":"JRTI","links":{"mission_patch":"http://i.imgur.com/WoNl9ZJ.png","reddit_campaign":"https://www.reddit.com/r/spacex/comments/6bp4fj/","reddit_launch":"https://www.reddit.com/r/spacex/comments/6j67ti/","reddit_recovery":"https://www.reddit.com/r/spacex/comments/6k16ho/","reddit_media":"https://www.reddit.com/r/spacex/comments/6j7va6/","presskit":"http://www.spacex.com/sites/spacex/files/iridium2presskit.pdf","article_link":"https://www.space.com/37304-liftoff-spacex-second-launch-three-days.html","video_link":"https://www.youtube.com/watch?v=7tIwZg8F9b8"},"details":"First flight with titanium grid fins to improve control authority and better cope with heat during re-entry."},{"flight_number":44,"launch_year":"2017","launch_date_unix":1499297700,"launch_date_utc":"2017-07-05T23:35:00Z","launch_date_local":"2017-07-05T19:35:00-04:00","rocket":{"rocket_id":"falcon9","rocket_name":"Falcon 9","rocket_type":"FT"},"core_serial":"B1037","cap_serial":null,"reuse":{"core":false,"side_core1":false,"side_core2":false,"fairings":false,"capsule":false},"telemetry":{"flight_club":null},"launch_site":{"site_id":"ksc_lc_39a","site_name":"KSC LC 39A","site_name_long":"Kennedy Space Center Historic Launch Complex 39A"},"payloads":[{"payload_id":"Intelsat 35e","customers":["Intelsat"],"payload_type":"Satellite","payload_mass_kg":6761,"payload_mass_lbs":14905.45,"orbit":"GTO"}],"launch_success":true,"reused":false,"land_success":false,"landing_type":null,"landing_vehicle":null,"links":{"mission_patch":"http://i.imgur.com/8URp6ea.png","reddit_campaign":"https://www.reddit.com/r/spacex/comments/6fw4yy/","reddit_launch":"https://www.reddit.com/r/spacex/comments/6kt2re/","reddit_recovery":null,"reddit_media":"https://www.reddit.com/r/spacex/comments/6kt3fe/","presskit":"http://www.spacex.com/sites/spacex/files/intelsat35epresskit.pdf","article_link":"https://en.wikipedia.org/wiki/Intelsat_35e","video_link":"https://www.youtube.com/watch?v=MIHVPCj25Z0"},"details":"Due to the constraints of sending a heavy satellite (~6,000 kg) to GTO, the rocket will fly in its expendable configuration and the first-stage booster will not be recovered."},{"flight_number":45,"launch_year":"2017","launch_date_unix":1502728260,"launch_date_utc":"2017-08-14T16:31:00Z","launch_date_local":"2017-08-14T12:31:00-04:00","rocket":{"rocket_id":"falcon9","rocket_name":"Falcon 9","rocket_type":"FT"},"telemetry":{"flight_club":"https://www.flightclub.io/results/?code=CR12"},"core_serial":"B1039","cap_serial":"C113","reuse":{"core":false,"side_core1":false,"side_core2":false,"fairings":false,"capsule":false},"launch_site":{"site_id":"ksc_lc_39a","site_name":"KSC LC 39A","site_name_long":"Kennedy Space Center Historic Launch Complex 39A"},"payloads":[{"payload_id":"SpaceX CRS-12","customers":["NASA (CRS)"],"payload_type":"Dragon 1.1","payload_mass_kg":3310,"payload_mass_lbs":7298,"orbit":"ISS","mass_returned_kg":1724,"mass_returned_lbs":3800,"flight_time_sec":2842920,"cargo_manifest":"https://www.nasa.gov/sites/default/files/atoms/files/spacex_crs-12_missionoverview.pdf"}],"launch_success":true,"reused":false,"land_success":true,"landing_type":"RTLS","landing_vehicle":"LZ-1","links":{"mission_patch":"http://spacexpatchlist.space/images/thumbs/spacex_f9_039_crs_12.png","reddit_campaign":"https://www.reddit.com/r/spacex/comments/6mrga2/crs12_launch_campaign_thread/","reddit_launch":"https://www.reddit.com/r/spacex/comments/6tfcio/welcome_to_the_rspacex_crs12_official_launch/","reddit_recovery":null,"reddit_media":"https://www.reddit.com/r/spacex/comments/6th2nf/rspacex_crs12_media_thread_videos_images_gifs/","presskit":"http://www.spacex.com/sites/spacex/files/crs12presskit.pdf","article_link":"https://spaceflightnow.com/2017/08/17/photos-falcon-9-rocket-soars-into-space-lands-back-at-cape-canaveral/","video_link":"https://www.youtube.com/watch?v=vLxWsYx8dbo"},"details":"Dragon is expected to carry 2,349 kg (5,179 lb) of pressurized mass and 961 kg (2,119 lb) unpressurized. The external payload manifested for this flight is the CREAM cosmic-ray detector. First flight of the Falcon 9 Block 4 upgrade. Last flight of a newly-built Dragon capsule; further missions will use refurbished spacecraft."},{"flight_number":46,"launch_year":"2017","launch_date_unix":1503600600,"launch_date_utc":"2017-08-24T18:50:00Z","launch_date_local":"2017-08-24T11:50:00-07:00","rocket":{"rocket_id":"falcon9","rocket_name":"Falcon 9","rocket_type":"FT"},"telemetry":{"flight_club":"https://www.flightclub.io/results/?code=FRM5"},"core_serial":"B1038","cap_serial":null,"reuse":{"core":false,"side_core1":false,"side_core2":false,"fairings":false,"capsule":false},"launch_site":{"site_id":"vafb_slc_4e","site_name":"VAFB SLC 4E","site_name_long":"Vandenberg Air Force Base Space Launch Complex 4E"},"payloads":[{"payload_id":"FormoSat-5","customers":["NSPO (Taiwan)"],"payload_type":"Satellite","payload_mass_kg":475,"payload_mass_lbs":1047,"orbit":"SSO"}],"launch_success":true,"reused":false,"land_success":true,"landing_type":"ASDS","landing_vehicle":"JRTI","links":{"mission_patch":"http://i.imgur.com/xjtPB9z.png","reddit_campaign":"https://www.reddit.com/r/spacex/comments/6o98st","reddit_launch":"https://www.reddit.com/r/spacex/comments/6vihsl/welcome_to_the_rspacex_formosat5_official_launch/","reddit_recovery":"https://www.reddit.com/r/spacex/comments/6wk653/b1038_recovery_thread/","reddit_media":"https://www.reddit.com/r/spacex/comments/6vhwi1/rspacex_formosat5_media_thread_videos_images_gifs/","presskit":"http://www.spacex.com/sites/spacex/files/formosat5presskit.pdf","article_link":"https://en.wikipedia.org/wiki/FORMOSAT-5","video_link":"https://www.youtube.com/watch?v=J4u3ZN2g_MI"},"details":"Formosat-5 is an Earth observation satellite of the Taiwanese space agency. The SHERPA space tug by Spaceflight Industries was removed from the cargo manifest of this mission. The satellite has a mass of only 475 kg."},{"flight_number":47,"launch_year":"2017","launch_date_unix":1504792200,"launch_date_utc":"2017-09-07T13:50:00Z","launch_date_local":"2017-09-07T09:50:00-04:00","rocket":{"rocket_id":"falcon9","rocket_name":"Falcon 9","rocket_type":"FT"},"telemetry":{"flight_club":"https://www.flightclub.io/results/?code=OTV5"},"core_serial":"B1040","cap_serial":null,"reuse":{"core":false,"side_core1":false,"side_core2":false,"fairings":false,"capsule":false},"launch_site":{"site_id":"ksc_lc_39a","site_name":"KSC LC 39A","site_name_long":"Kennedy Space Center Historic Launch Complex 39A"},"payloads":[{"payload_id":"X-37B OTV-5","customers":["USAF"],"payload_type":"Satellite","payload_mass_kg":4990,"payload_mass_lbs":11001,"orbit":"LEO"}],"launch_success":true,"reused":false,"land_success":true,"landing_type":"RTLS","landing_vehicle":"LZ-1","links":{"mission_patch":"https://i.imgur.com/574MjdD.png","reddit_campaign":"https://www.reddit.com/r/spacex/comments/6u6q1t/x37b_otv5_launch_campaign_thread/","reddit_launch":"https://www.reddit.com/r/spacex/comments/6ygmf1/rspacex_x37b_otv5_official_launch_discussion/","reddit_recovery":null,"reddit_media":"https://www.reddit.com/r/spacex/comments/6yih4g/rspacex_x37b_otv5_media_thread_videos_images_gifs/","presskit":"http://forum.nasaspaceflight.com/index.php?action=dlattach;topic=43585.0;attach=1446501;sess=0","article_link":"https://en.wikipedia.org/wiki/Boeing_X-37","video_link":"https://www.youtube.com/watch?v=9M6Zvi-fFv4"},"details":"Notable because Boeing is the primary contractor of the X-37B, which has until now been launched by ULA, a SpaceX competitor and Boeing partnership. Second flight of the Falcon 9 Block 4 upgrade."},{"flight_number":48,"launch_year":"2017","launch_date_unix":1507552620,"launch_date_utc":"2017-10-09T12:37:00Z","launch_date_local":"2017-10-09T05:37:00-07:00","rocket":{"rocket_id":"falcon9","rocket_name":"Falcon 9","rocket_type":"FT"},"telemetry":{"flight_club":"https://www.flightclub.io/results/?code=IRD3"},"core_serial":"B1041","cap_serial":null,"reuse":{"core":false,"side_core1":false,"side_core2":false,"fairings":false,"capsule":false},"launch_site":{"site_id":"vafb_slc_4e","site_name":"VAFB SLC 4E","site_name_long":"Vandenberg Air Force Base Space Launch Complex 4E"},"payloads":[{"payload_id":"Iridium NEXT 3","customers":["Iridium Communications"],"payload_type":"Satellite","payload_mass_kg":8600,"payload_mass_lbs":18959,"orbit":"LEO"}],"launch_success":true,"reused":false,"land_success":true,"landing_type":"ASDS","landing_vehicle":"JRTI","links":{"mission_patch":"https://i.imgur.com/falQftx.png","reddit_campaign":"https://www.reddit.com/r/spacex/comments/6ygwxw/iridium_next_constellation_mission_3_launch/","reddit_launch":"https://www.reddit.com/r/spacex/comments/753e0m/iridium_next_mission_3_official_launch_discussion/","reddit_recovery":"https://www.reddit.com/r/spacex/comments/75z823/b10411_recovery_thread/","reddit_media":"https://www.reddit.com/r/spacex/comments/755m2z/rspacex_iridium3_media_thread_videos_images_gifs/","presskit":"http://www.spacex.com/sites/spacex/files/iridium3presskit.pdf","article_link":"https://spaceflightnow.com/2017/10/09/spacex-launch-adds-another-10-satellites-to-iridium-next-fleet/","video_link":"https://www.youtube.com/watch?v=SB4N4xF2B2w&feature=youtu.be"},"details":"Third of eight missions to launch Iridium's second generation constellation from VAFB"},{"flight_number":49,"launch_year":"2017","launch_date_unix":1507762380,"launch_date_utc":"2017-10-11T22:53:00Z","launch_date_local":"2017-10-11T18:53:00-04:00","rocket":{"rocket_id":"falcon9","rocket_name":"Falcon 9","rocket_type":"FT"},"telemetry":{"flight_club":"https://www.flightclub.io/results/?code=SS11"},"core_serial":"B1031","cap_serial":null,"reuse":{"core":true,"side_core1":false,"side_core2":false,"fairings":false,"capsule":false},"launch_site":{"site_id":"ksc_lc_39a","site_name":"KSC LC 39A","site_name_long":"Kennedy Space Center Historic Launch Complex 39A"},"payloads":[{"payload_id":"SES-11","customers":["SES"],"payload_type":"Satellite","payload_mass_kg":2700,"payload_mass_lbs":5952,"orbit":"GTO"},{"payload_id":"EchoStar 105","customers":["EchoStar"],"payload_type":"Satellite","payload_mass_kg":2700,"payload_mass_lbs":5952,"orbit":"GTO"}],"launch_success":true,"reused":true,"land_success":true,"landing_type":"ASDS","landing_vehicle":"OCISLY","links":{"mission_patch":"https://i.imgur.com/03gonKW.png","reddit_campaign":"https://www.reddit.com/r/spacex/comments/6yvn64/ses11echostar_105_launch_campaign_thread/","reddit_launch":"https://www.reddit.com/r/spacex/comments/75bw7p/ses11echostar105_official_launch_discussions/","reddit_recovery":"https://www.reddit.com/r/spacex/comments/76fqz1/b10312_recovery_thread/","reddit_media":"https://www.reddit.com/r/spacex/comments/75pgu5/rspacex_ses11_media_thread_videos_images_gifs/","presskit":"http://www.spacex.com/sites/spacex/files/echostar105ses11presskit.pdf","article_link":"https://spaceflightnow.com/2017/10/12/video-falcon-9-rocket-lifts-off-with-joint-satellite-for-ses-echostar/","video_link":"https://www.youtube.com/watch?v=iv1zeGSvhIw"},"details":"Nineteenth comsat to GTO, also the fourth satellite launched for SES and second for Echostar. Third time a first stage booster will be reused."},{"flight_number":50,"launch_year":"2017","launch_date_unix":1509392040,"launch_date_utc":"2017-10-30T19:34:00Z","launch_date_local":"2017-10-30T15:34:00-04:00","rocket":{"rocket_id":"falcon9","rocket_name":"Falcon 9","rocket_type":"FT"},"telemetry":{"flight_club":null},"core_serial":"B1042","cap_serial":null,"reuse":{"core":false,"side_core1":false,"side_core2":false,"fairings":false,"capsule":false},"launch_site":{"site_id":"ksc_lc_39a","site_name":"KSC LC 39A","site_name_long":"Kennedy Space Center Historic Launch Complex 39A"},"payloads":[{"payload_id":"KoreaSat 5A","customers":["KT Corporation"],"payload_type":"Satellite","payload_mass_kg":3700,"payload_mass_lbs":8157.104,"orbit":"GTO"}],"launch_success":true,"reused":false,"land_success":true,"landing_type":"ASDS","landing_vehicle":"OCISLY","links":{"mission_patch":"http://spacexpatchlist.space/patches/spacex_f9_044_koreasat_5a_graphic.png","reddit_campaign":"https://www.reddit.com/r/spacex/comments/73ttkd/koreasat_5a_launch_campaign_thread/","reddit_launch":"https://www.reddit.com/r/spacex/comments/79iuvb/rspacex_koreasat_5a_official_launch_discussion/","reddit_recovery":null,"reddit_media":"https://www.reddit.com/r/spacex/comments/79lmdu/rspacex_koreasat5a_media_thread_videos_images/","presskit":"http://www.spacex.com/sites/spacex/files/koreasat5apresskit.pdf","article_link":"https://spaceflightnow.com/2017/10/30/spacex-launches-and-lands-third-rocket-in-three-weeks/","video_link":"https://www.youtube.com/watch?v=RUjH14vhLxA"},"details":"KoreaSat 5A is a Ku-band satellite capable of providing communication services from East Africa and Central Asia to southern India, Southeast Asia, the Philippines, Guam, Korea, and Japan. The satellite will be placed in GEO at 113° East Longitude, and will provide services ranging from broadband internet to broadcasting services and maritime communications."}]