[{"name":"Faisal","surname":"Khan","closed_tasks":12,"new_tasks":2,"photo":"assets\/images\/avatars\/male\/26.jpg"},{"name":"Astrid","surname":"Edeleanu","closed_tasks":8,"new_tasks":1,"photo":"assets\/images\/avatars\/female\/9.jpg"},{"name":"Johann","surname":"Kühn","closed_tasks":8,"new_tasks":6,"photo":"assets\/images\/avatars\/male\/2.jpg"},{"name":"Brigita","surname":"Roháček","closed_tasks":12,"new_tasks":4,"photo":"assets\/images\/avatars\/female\/6.jpg"},{"name":"Blake","surname":"White","closed_tasks":8,"new_tasks":3,"photo":"assets\/images\/avatars\/male\/6.jpg"},{"name":"Otilia","surname":"Trașcă","closed_tasks":23,"new_tasks":7,"photo":"assets\/images\/avatars\/female\/12.jpg"},{"name":"Capucine","surname":"Brunet","closed_tasks":2,"new_tasks":2,"photo":"assets\/images\/avatars\/female\/26.jpg"},{"name":"Samuel","surname":"Bernard","closed_tasks":11,"new_tasks":8,"photo":"assets\/images\/avatars\/male\/39.jpg"},{"name":"Zenobia","surname":"Becheru","closed_tasks":6,"new_tasks":4,"photo":"assets\/images\/avatars\/female\/9.jpg"},{"name":"Marian","surname":"Bunea","closed_tasks":9,"new_tasks":5,"photo":"assets\/images\/avatars\/male\/38.jpg"}]
